images_600_bIMG_4500.JPG,262,189,338,252,screw
images_600_bIMG_4501.JPG,238,232,300,284,screw
images_600_bIMG_4502.JPG,268,226,338,279,screw
images_600_bIMG_4503.JPG,247,190,290,228,screw
images_600_bIMG_4504.JPG,240,154,293,204,screw
images_600_bIMG_4505.JPG,279,200,333,240,screw
images_600_bIMG_4506.JPG,190,147,256,201,screw
images_600_bIMG_4507.JPG,301,216,348,269,screw
images_600_bIMG_4508.JPG,207,167,261,212,screw
images_600_bIMG_4509.JPG,220,125,267,168,screw
images_600_bIMG_4509.JPG,72,357,113,396,not screw
images_600_bIMG_4510.JPG,272,274,338,322,screw
images_600_bIMG_4510.JPG,64,62,130,109,not screw
images_600_bIMG_4511.JPG,263,147,319,196,screw
images_600_bIMG_4512.JPG,375,292,430,342,screw
images_600_bIMG_4513.JPG,274,176,332,233,screw
images_600_bIMG_4513.JPG,22,37,78,88,not screw
images_600_bIMG_4514.JPG,292,212,355,264,screw
images_600_bIMG_4514.JPG,36,332,80,375,not screw
images_600_bIMG_4515.JPG,199,209,255,253,screw
images_600_bIMG_4516.JPG,215,244,263,297,screw
images_600_bIMG_4516.JPG,21,395,66,433,not screw
images_600_bIMG_4517.JPG,289,175,351,226,screw
images_600_bIMG_4518.JPG,207,201,262,247,screw
images_600_bIMG_4519.JPG,243,162,306,217,screw
images_600_bIMG_4520.JPG,418,189,471,238,screw
images_600_bIMG_4521.JPG,276,173,325,220,screw
images_600_bIMG_4522.JPG,259,208,323,264,screw
images_600_bIMG_4523.JPG,251,209,306,260,screw
images_600_bIMG_4524.JPG,284,148,336,197,screw
images_600_bIMG_4525.JPG,196,264,239,304,screw
images_600_bIMG_4526.JPG,327,231,383,280,screw
images_600_bIMG_4527.JPG,287,166,346,219,screw
images_600_bIMG_4528.JPG,276,216,332,265,screw
images_600_bIMG_4529.JPG,322,144,385,201,screw
images_600_bIMG_4530.JPG,283,219,340,272,screw
images_600_bIMG_4531.JPG,215,215,274,263,screw
images_600_bIMG_4532.JPG,258,289,321,347,screw
images_600_bIMG_4533.JPG,330,305,388,355,screw
images_600_bIMG_4534.JPG,316,176,377,225,screw
images_600_bIMG_4535.JPG,330,226,393,275,screw
images_600_bIMG_4536.JPG,424,239,493,304,screw
images_600_bIMG_4537.JPG,397,215,459,277,screw
images_600_bIMG_4538.JPG,325,212,383,263,screw
images_600_bIMG_4539.JPG,182,59,233,117,screw
images_600_bIMG_4540.JPG,288,225,334,270,screw
images_600_bIMG_4540.JPG,30,66,76,106,not screw
images_600_bIMG_4541.JPG,202,160,264,221,screw
images_600_bIMG_4542.JPG,406,188,462,247,screw
images_600_bIMG_4543.JPG,301,208,364,260,screw
images_600_bIMG_4543.JPG,431,10,483,45,not screw
images_600_bIMG_4544.JPG,293,230,334,266,screw
images_600_bIMG_4544.JPG,418,49,461,77,not screw
images_600_bIMG_4545.JPG,103,254,153,294,screw
images_600_bIMG_4546.JPG,152,144,207,185,screw
images_600_bIMG_4547.JPG,300,190,347,237,screw
images_600_bIMG_4548.JPG,301,198,368,252,screw
images_600_bIMG_4549.JPG,422,184,487,244,screw
images_600_bIMG_4549.JPG,33,32,85,81,not screw
images_600_bIMG_4550.JPG,115,68,155,118,not screw
images_600_bIMG_4550.JPG,449,202,494,250,screw
images_600_bIMG_4551.JPG,290,193,340,238,screw
images_600_bIMG_4552.JPG,412,205,465,262,screw
images_600_bIMG_4553.JPG,253,179,300,223,screw
images_600_bIMG_4554.JPG,298,191,363,246,screw
images_600_bIMG_4575.JPG,95,246,121,278,screw
images_600_bIMG_4575.JPG,172,131,196,153,not screw
images_600_bIMG_4575.JPG,428,241,456,263,screw
images_600_bIMG_4576.JPG,156,136,180,158,not screw
images_600_bIMG_4576.JPG,163,318,191,342,not screw
images_600_bIMG_4576.JPG,444,128,477,153,not screw
images_600_bIMG_4577.JPG,159,251,182,282,screw
images_600_bIMG_4577.JPG,366,120,396,146,screw
images_600_bIMG_4577.JPG,460,243,488,267,screw
images_600_bIMG_4578.JPG,83,127,111,155,screw
images_600_bIMG_4578.JPG,160,249,189,276,screw
images_600_bIMG_4578.JPG,455,120,480,147,not screw
images_600_bIMG_4578.JPG,534,260,563,282,screw
images_600_bIMG_4579.JPG,25,162,51,182,not screw
images_600_bIMG_4579.JPG,194,326,227,349,screw
images_600_bIMG_4579.JPG,291,158,322,185,not screw
images_600_bIMG_4579.JPG,553,323,583,350,not screw
images_600_bIMG_4580.JPG,284,249,314,282,not screw
images_600_bIMG_4580.JPG,437,166,467,193,screw
images_600_bIMG_4581.JPG,108,220,138,249,not screw
images_600_bIMG_4581.JPG,302,326,331,353,screw
images_600_bIMG_4581.JPG,443,233,474,262,screw
images_600_bIMG_4582.JPG,129,172,164,204,not screw
images_600_bIMG_4582.JPG,492,192,527,228,screw
images_600_bIMG_4583.JPG,130,187,163,215,not screw
images_600_bIMG_4583.JPG,341,174,372,205,not screw
images_600_bIMG_4583.JPG,494,268,529,302,screw
images_600_bIMG_4584.JPG,147,41,169,68,not screw
images_600_bIMG_4584.JPG,298,33,329,54,not screw
images_600_bIMG_4584.JPG,413,95,438,118,screw
images_600_bIMG_4723.JPG,207,29,219,41,screw
images_600_bIMG_4723.JPG,386,30,400,44,screw
images_600_bIMG_4724.JPG,384,38,400,53,screw
images_600_bIMG_4724.JPG,208,37,224,54,not screw
images_600_bIMG_4725.JPG,88,117,107,141,screw
images_600_bIMG_4725.JPG,342,110,373,129,not screw
images_600_bIMG_4726.JPG,146,125,162,149,not screw
images_600_bIMG_4726.JPG,448,119,480,142,screw
images_600_bIMG_4727.JPG,387,102,412,126,screw
images_600_bIMG_4727.JPG,101,114,123,134,screw
images_600_bIMG_4728.JPG,457,104,478,124,screw
images_600_bIMG_4728.JPG,105,102,131,122,screw
images_600_bIMG_4729.JPG,119,50,154,79,screw
images_600_bIMG_4729.JPG,472,58,506,94,screw
images_600_bIMG_4730.JPG,122,108,149,137,not screw
images_600_bIMG_4730.JPG,487,116,522,147,screw
images_600_bIMG_4731.JPG,117,145,152,172,screw
images_600_bIMG_4731.JPG,475,139,507,170,not screw
images_600_bIMG_4732.JPG,150,67,172,87,screw
images_600_bIMG_4732.JPG,423,68,454,86,not screw
images_600_bIMG_4733.JPG,138,88,161,111,not screw
images_600_bIMG_4733.JPG,458,91,486,114,screw
images_600_bIMG_4734.JPG,151,262,181,292,screw
images_600_bIMG_4734.JPG,506,277,533,308,screw
images_600_bIMG_4735.JPG,91,180,118,208,screw
images_600_bIMG_4735.JPG,496,181,524,208,not screw
images_600_bIMG_4736.JPG,82,271,112,302,screw
images_600_bIMG_4736.JPG,520,273,550,303,screw
images_600_bIMG_4737.JPG,93,231,130,267,screw
images_600_bIMG_4737.JPG,486,245,529,278,not screw
images_600_bIMG_4738.JPG,45,213,93,245,not screw
images_600_bIMG_4738.JPG,510,212,548,245,screw
images_600_bIMG_4739.JPG,69,361,103,388,screw
images_600_bIMG_4739.JPG,524,353,553,392,screw
images_600_bIMG_4740.JPG,98,366,122,386,not screw
images_600_bIMG_4741.JPG,509,355,530,376,not screw
images_600_bIMG_4742.JPG,24,340,52,371,not screw
images_600_bIMG_4743.JPG,349,41,380,74,not screw
images_600_bIMG_4570.JPG,214,190,233,209,screw
images_600_bIMG_4570.JPG,561,294,583,314,screw
images_600_bIMG_4570.JPG,276,284,297,306,screw
images_600_bIMG_4570.JPG,31,289,53,312,screw
images_600_bIMG_4571.JPG,330,207,350,229,screw
images_600_bIMG_4571.JPG,398,311,422,332,screw
images_600_bIMG_4571.JPG,148,314,170,335,screw
images_600_bIMG_4817.JPG,256,292,287,324,not screw
images_600_bIMG_4818.JPG,258,291,291,328,not screw
images_600_bIMG_4819.JPG,195,190,238,227,screw
images_600_bIMG_4820.JPG,246,163,307,213,screw
images_600_bIMG_4821.JPG,248,328,318,397,screw
images_600_bIMG_4822.JPG,231,131,304,190,not screw
images_600_bIMG_4823.JPG,274,302,324,353,not screw
images_600_bIMG_4824.JPG,41,175,86,213,not screw
images_600_bIMG_4824.JPG,503,174,546,211,not screw
images_600_bIMG_4825.JPG,211,164,267,216,not screw
images_600_bIMG_4826.JPG,235,169,279,212,not screw
images_600_bIMG_4827.JPG,249,193,295,241,screw
images_600_bIMG_4828.JPG,21,133,62,171,screw
images_600_bIMG_4828.JPG,537,139,569,174,not screw
images_600_bIMG_4829.JPG,281,186,325,236,screw
images_600_bIMG_4830.JPG,28,164,62,210,not screw
images_600_bIMG_4830.JPG,525,181,570,217,screw
images_600_bIMG_4831.JPG,199,163,243,197,not screw
images_600_bIMG_4832.JPG,302,131,338,169,not screw
images_600_bIMG_4833.JPG,311,169,352,209,screw
images_600_bIMG_4834.JPG,227,211,259,235,screw
images_600_bIMG_4835.JPG,225,193,278,241,not screw
images_600_bIMG_4836.JPG,163,193,224,248,not screw
images_600_bIMG_4837.JPG,209,217,251,266,screw
images_600_bIMG_4838.JPG,251,206,308,261,screw
images_600_bIMG_4876.JPG,435,63,465,89,not screw
images_600_bIMG_4876.JPG,76,66,98,88,screw
images_600_bIMG_4876.JPG,70,278,95,300,screw
images_600_bIMG_4877.JPG,143,316,171,339,screw
images_600_bIMG_4877.JPG,141,73,170,97,screw
images_600_bIMG_4877.JPG,550,73,576,95,not screw
images_600_bIMG_4878.JPG,116,77,141,101,screw
images_600_bIMG_4878.JPG,129,297,151,320,screw
images_600_bIMG_4878.JPG,506,62,528,86,not screw
images_600_bIMG_4879.JPG,101,78,125,102,screw
images_600_bIMG_4879.JPG,111,306,136,331,screw
images_600_bIMG_4879.JPG,493,70,516,95,screw
images_600_bIMG_4880.JPG,132,144,157,166,not screw
images_600_bIMG_4880.JPG,496,142,516,163,screw
images_600_bIMG_4880.JPG,134,358,156,378,screw
images_600_bIMG_4881.JPG,69,43,90,63,screw
images_600_bIMG_4881.JPG,68,404,92,429,screw
images_600_bIMG_4881.JPG,275,396,301,423,not screw
images_600_bIMG_4882.JPG,144,104,168,129,screw
images_600_bIMG_4882.JPG,504,103,526,126,screw
images_600_bIMG_4882.JPG,145,311,172,337,not screw
images_600_bIMG_4883.JPG,144,316,167,336,not screw
images_600_bIMG_4883.JPG,141,116,163,138,not screw
images_600_bIMG_4883.JPG,483,112,505,135,screw
images_600_bIMG_4884.JPG,170,177,208,204,screw
images_600_bIMG_4884.JPG,461,173,492,203,not screw
images_600_bIMG_4886.JPG,173,168,199,189,not screw
images_600_bIMG_4886.JPG,401,156,432,181,not screw
images_600_bIMG_4887.JPG,151,204,178,226,not screw
images_600_bIMG_4887.JPG,405,198,428,222,screw
images_600_bIMG_4888.JPG,204,182,223,201,screw
images_600_bIMG_4888.JPG,422,184,442,203,screw
images_600_bIMG_4889.JPG,250,230,289,268,screw
images_600_bIMG_4890.JPG,214,223,281,282,not screw
images_600_bIMG_4891.JPG,292,211,346,258,not screw
images_600_bIMG_4892.JPG,275,184,335,235,not screw
images_600_bIMG_4893.JPG,251,164,303,214,screw
images_600_bIMG_4894.JPG,291,196,348,248,screw
images_600_bIMG_4895.JPG,237,178,279,222,not screw
images_600_bIMG_4896.JPG,262,138,315,189,screw
images_600_bIMG_4897.JPG,257,192,315,246,screw
images_600_bIMG_4898.JPG,34,96,59,121,screw
images_600_bIMG_4898.JPG,478,96,506,124,not screw
images_600_bIMG_4898.JPG,492,354,515,379,screw
images_600_bIMG_4899.JPG,68,105,93,130,screw
images_600_bIMG_4899.JPG,484,107,512,128,screw
images_600_bIMG_4899.JPG,486,340,508,362,not screw
images_600_bIMG_4901.JPG,471,257,496,282,screw
images_600_bIMG_4901.JPG,463,45,486,65,not screw
images_600_bIMG_4901.JPG,80,53,106,73,screw
images_600_bIMG_4902.JPG,25,129,49,155,screw
images_600_bIMG_4902.JPG,407,118,431,139,screw
images_600_bIMG_4902.JPG,421,334,445,364,screw
images_600_bIMG_4903.JPG,77,115,100,142,not screw
images_600_bIMG_4903.JPG,489,113,513,136,screw
images_600_bIMG_4903.JPG,500,347,518,369,screw
images_600_bIMG_4904.JPG,50,118,79,139,not screw
images_600_bIMG_4904.JPG,491,110,519,133,not screw
images_600_bIMG_4904.JPG,502,360,527,387,screw
images_600_bIMG_4905.JPG,19,114,51,144,not screw
images_600_bIMG_4905.JPG,468,104,500,131,screw
images_600_bIMG_4905.JPG,484,364,513,390,screw
images_600_bIMG_4906.JPG,34,76,68,105,not screw
images_600_bIMG_4906.JPG,493,72,519,96,not screw
images_600_bIMG_4906.JPG,507,329,534,358,screw
images_600_bIMG_4911.JPG,78,201,117,231,not screw
images_600_bIMG_4911.JPG,336,28,367,58,not screw
images_600_bIMG_4911.JPG,354,346,385,379,not screw
images_600_bIMG_4911.JPG,447,375,479,407,not screw
images_600_bIMG_4911.JPG,424,16,458,41,not screw
images_600_bIMG_4912.JPG,149,182,177,208,screw
images_600_bIMG_4912.JPG,359,305,379,333,not screw
images_600_bIMG_4912.JPG,350,60,374,83,not screw
images_600_bIMG_4912.JPG,419,50,448,78,not screw
images_600_bIMG_4912.JPG,424,334,450,363,not screw
images_600_bIMG_4913.JPG,134,202,165,229,screw
images_600_bIMG_4913.JPG,337,324,367,353,screw
images_600_bIMG_4913.JPG,337,73,366,98,not screw
images_600_bIMG_4913.JPG,409,70,439,91,not screw
images_600_bIMG_4913.JPG,409,354,439,378,not screw
images_600_bIMG_4914.JPG,156,212,186,238,screw
images_600_bIMG_4914.JPG,379,71,405,96,screw
images_600_bIMG_4914.JPG,385,343,410,371,not screw
images_600_bIMG_4914.JPG,456,373,489,403,not screw
images_600_bIMG_4914.JPG,458,61,489,84,not screw
images_600_bIMG_4915.JPG,125,198,154,225,screw
images_600_bIMG_4915.JPG,417,356,450,385,screw
images_600_bIMG_4915.JPG,340,66,367,88,not screw
images_600_bIMG_4915.JPG,341,328,371,352,not screw
images_600_bIMG_4915.JPG,412,50,445,82,not screw
images_600_bIMG_4916.JPG,92,190,128,224,screw
images_600_bIMG_4916.JPG,421,28,451,60,screw
images_600_bIMG_4916.JPG,335,37,369,73,not screw
images_600_bIMG_4916.JPG,337,334,372,369,not screw
images_600_bIMG_4916.JPG,426,359,455,400,not screw
images_600_bIMG_4917.JPG,356,63,396,98,screw
images_600_bIMG_4917.JPG,103,227,134,259,not screw
images_600_bIMG_4917.JPG,347,380,392,416,not screw
images_600_bIMG_4917.JPG,453,57,487,86,not screw
images_600_bIMG_4917.JPG,447,415,477,446,not screw
images_600_bIMG_4918.JPG,354,66,383,98,screw
images_600_bIMG_4918.JPG,359,337,386,362,screw
images_600_bIMG_4918.JPG,142,208,169,234,not screw
images_600_bIMG_4918.JPG,434,62,464,85,not screw
images_600_bIMG_4918.JPG,436,366,465,394,not screw
images_600_bIMG_4919.JPG,336,39,363,67,screw
images_600_bIMG_4919.JPG,412,329,444,354,screw
images_600_bIMG_4919.JPG,130,169,157,196,not screw
images_600_bIMG_4919.JPG,340,302,365,326,not screw
images_600_bIMG_4919.JPG,409,26,442,55,not screw
images_600_bIMG_4920.JPG,310,71,334,91,screw
images_600_bIMG_4920.JPG,385,63,405,82,screw
images_600_bIMG_4920.JPG,124,192,145,219,not screw
images_600_bIMG_4920.JPG,319,312,341,332,not screw
images_600_bIMG_4920.JPG,389,336,419,363,not screw
images_600_bIMG_4921.JPG,353,302,381,330,screw
images_600_bIMG_4921.JPG,154,184,183,208,not screw
images_600_bIMG_4921.JPG,353,62,378,89,not screw
images_600_bIMG_4921.JPG,420,53,450,83,not screw
images_600_bIMG_4921.JPG,423,331,451,361,not screw
images_600_bIMG_4922.JPG,379,351,405,376,screw
images_600_bIMG_4922.JPG,462,383,487,411,screw
images_600_bIMG_4922.JPG,170,217,192,242,not screw
images_600_bIMG_4922.JPG,371,86,400,111,not screw
images_600_bIMG_4922.JPG,447,74,482,100,not screw
images_600_bIMG_4923.JPG,380,351,405,381,screw
images_600_bIMG_4923.JPG,458,107,485,129,screw
images_600_bIMG_4923.JPG,386,104,408,131,not screw
images_600_bIMG_4923.JPG,189,222,213,249,not screw
images_600_bIMG_4923.JPG,451,387,477,414,not screw
images_600_bIMG_4924.JPG,423,31,449,57,screw
images_600_bIMG_4924.JPG,321,44,359,76,not screw
images_600_bIMG_4924.JPG,92,203,121,233,not screw
images_600_bIMG_4924.JPG,336,346,366,374,not screw
images_600_bIMG_4924.JPG,426,376,460,405,not screw
images_600_bIMG_4925.JPG,442,374,469,398,screw
images_600_bIMG_4925.JPG,442,20,472,46,not screw
images_600_bIMG_4925.JPG,353,28,385,58,not screw
images_600_bIMG_4925.JPG,105,186,135,215,not screw
images_600_bIMG_4925.JPG,356,337,382,365,not screw
images_600_bIMG_4926.JPG,139,206,165,228,screw
images_600_bIMG_4926.JPG,356,77,379,98,screw
images_600_bIMG_4926.JPG,351,336,379,363,screw
images_600_bIMG_4926.JPG,426,59,456,90,not screw
images_600_bIMG_4926.JPG,436,368,458,395,not screw
images_600_bIMG_4928.JPG,151,219,186,248,screw
images_600_bIMG_4928.JPG,384,354,413,385,screw
images_600_bIMG_4928.JPG,450,68,483,92,screw
images_600_bIMG_4928.JPG,376,72,407,102,not screw
images_600_bIMG_4928.JPG,468,384,495,414,not screw
images_600_bIMG_4929.JPG,155,191,180,215,screw
images_600_bIMG_4929.JPG,345,301,369,324,screw
images_600_bIMG_4929.JPG,413,327,442,347,screw
images_600_bIMG_4929.JPG,334,65,358,91,not screw
images_600_bIMG_4929.JPG,401,62,424,85,not screw
images_600_bIMG_4930.JPG,114,192,146,221,screw
images_600_bIMG_4930.JPG,337,67,366,94,screw
images_600_bIMG_4930.JPG,415,64,446,88,not screw
images_600_bIMG_4930.JPG,328,339,359,366,not screw
images_600_bIMG_4930.JPG,405,375,437,404,not screw
images_600_bIMG_4931.JPG,93,223,126,250,screw
images_600_bIMG_4931.JPG,320,81,353,112,screw
images_600_bIMG_4931.JPG,399,70,432,99,screw
images_600_bIMG_4931.JPG,326,369,353,401,not screw
images_600_bIMG_4931.JPG,407,408,442,439,not screw
images_600_bIMG_4942.JPG,402,140,425,167,not screw
images_600_bIMG_4942.JPG,227,234,253,261,not screw
images_600_bIMG_4943.JPG,393,157,427,186,not screw
images_600_bIMG_4943.JPG,214,254,246,284,screw
images_600_bIMG_4944.JPG,332,166,359,189,screw
images_600_bIMG_4944.JPG,168,258,197,285,screw
images_600_bIMG_4945.JPG,371,139,405,167,screw
images_600_bIMG_4945.JPG,148,258,179,287,not screw
images_600_bIMG_4951.JPG,128,200,159,228,screw
images_600_bIMG_4951.JPG,359,312,391,341,screw
images_600_bIMG_4951.JPG,509,207,537,232,not screw
images_600_bIMG_4952.JPG,113,183,151,212,screw
images_600_bIMG_4952.JPG,481,189,511,215,screw
images_600_bIMG_4952.JPG,345,292,376,319,not screw
images_600_bIMG_4953.JPG,349,280,378,308,screw
images_600_bIMG_4953.JPG,502,180,531,205,screw
images_600_bIMG_4953.JPG,128,165,160,194,not screw
images_600_bIMG_4954.JPG,63,186,96,215,screw
images_600_bIMG_4954.JPG,305,304,333,334,screw
images_600_bIMG_4954.JPG,454,197,484,223,screw
images_600_bIMG_4955.JPG,83,194,119,224,not screw
images_600_bIMG_4955.JPG,487,215,515,243,not screw
images_600_bIMG_4956.JPG,97,193,126,219,screw
images_600_bIMG_4956.JPG,478,210,506,235,not screw
images_600_bIMG_4957.JPG,472,186,496,215,screw
images_600_bIMG_4957.JPG,86,161,121,192,not screw
images_600_bIMG_4958.JPG,79,206,112,234,screw
images_600_bIMG_4958.JPG,475,234,508,261,screw
images_600_bIMG_4959.JPG,315,50,342,77,not screw
images_600_bIMG_4959.JPG,95,299,132,332,not screw
images_600_bIMG_4959.JPG,483,302,514,338,not screw
images_600_bIMG_4960.JPG,300,37,326,64,screw
images_600_bIMG_4960.JPG,97,282,131,309,not screw
images_600_bIMG_4960.JPG,466,281,493,313,not screw
images_600_bIMG_4961.JPG,125,268,155,294,screw
images_600_bIMG_4961.JPG,311,42,336,68,not screw
images_600_bIMG_4961.JPG,462,268,490,294,not screw
images_600_bIMG_4962.JPG,453,286,480,312,screw
images_600_bIMG_4962.JPG,304,40,329,64,not screw
images_600_bIMG_4962.JPG,85,267,116,290,not screw
images_600_bIMG_4963.JPG,318,54,352,84,screw
images_600_bIMG_4963.JPG,113,285,143,311,screw
images_600_bIMG_4963.JPG,473,299,496,326,not screw
images_600_bIMG_4964.JPG,90,299,126,327,screw
images_600_bIMG_4964.JPG,471,308,502,338,screw
images_600_bIMG_4964.JPG,314,56,340,80,not screw
images_600_bIMG_4967.JPG,115,268,148,294,screw
images_600_bIMG_4967.JPG,493,284,525,319,screw
images_600_bIMG_4967.JPG,331,16,365,51,screw
images_600_bIMG_4965.JPG,319,68,347,96,screw
images_600_bIMG_4965.JPG,487,329,519,357,screw
images_600_bIMG_4965.JPG,106,312,136,342,not screw
images_600_bIMG_4968.JPG,158,61,185,81,not screw
images_600_bIMG_4968.JPG,453,76,474,101,not screw
images_600_bIMG_4968.JPG,338,153,361,180,not screw
images_600_bIMG_4968.JPG,160,349,182,372,not screw
images_600_bIMG_4968.JPG,459,369,484,393,not screw
images_600_bIMG_4969.JPG,96,54,124,82,screw
images_600_bIMG_4969.JPG,436,60,459,82,not screw
images_600_bIMG_4969.JPG,304,155,328,180,not screw
images_600_bIMG_4969.JPG,109,384,137,406,not screw
images_600_bIMG_4969.JPG,457,387,484,414,not screw
images_600_bIMG_4970.JPG,295,163,320,184,screw
images_600_bIMG_4970.JPG,105,64,133,86,not screw
images_600_bIMG_4970.JPG,421,81,444,104,not screw
images_600_bIMG_4970.JPG,112,361,136,386,not screw
images_600_bIMG_4970.JPG,428,382,450,404,not screw
images_600_bIMG_4971.JPG,448,80,469,102,screw
images_600_bIMG_4971.JPG,135,76,160,100,not screw
images_600_bIMG_4971.JPG,325,166,350,190,not screw
images_600_bIMG_4971.JPG,141,376,166,398,not screw
images_600_bIMG_4971.JPG,464,390,494,414,not screw
images_600_bIMG_4972.JPG,459,379,485,408,screw
images_600_bIMG_4972.JPG,115,52,142,76,not screw
images_600_bIMG_4972.JPG,312,145,335,170,not screw
images_600_bIMG_4972.JPG,438,57,467,84,not screw
images_600_bIMG_4972.JPG,123,362,149,388,not screw
images_600_bIMG_4973.JPG,104,357,134,383,screw
images_600_bIMG_4973.JPG,108,49,132,70,not screw
images_600_bIMG_4973.JPG,302,150,326,173,not screw
images_600_bIMG_4973.JPG,427,65,453,89,not screw
images_600_bIMG_4973.JPG,435,375,460,400,not screw
images_600_bIMG_4975.JPG,153,48,185,72,screw
images_600_bIMG_4975.JPG,359,154,387,178,screw
images_600_bIMG_4975.JPG,490,61,513,87,not screw
images_600_bIMG_4975.JPG,160,375,189,400,not screw
images_600_bIMG_4975.JPG,501,390,531,415,not screw
images_600_bIMG_4976.JPG,153,73,179,97,screw
images_600_bIMG_4976.JPG,419,88,443,109,screw
images_600_bIMG_4976.JPG,315,155,339,179,not screw
images_600_bIMG_4976.JPG,157,333,182,355,not screw
images_600_bIMG_4976.JPG,421,339,448,363,not screw
images_600_bIMG_4977.JPG,145,64,173,85,screw
images_600_bIMG_4977.JPG,147,339,176,366,screw
images_600_bIMG_4977.JPG,317,156,340,175,not screw
images_600_bIMG_4977.JPG,425,83,447,103,not screw
images_600_bIMG_4977.JPG,438,348,455,372,not screw
images_600_bIMG_4978.JPG,155,79,181,98,screw
images_600_bIMG_4978.JPG,446,362,470,386,screw
images_600_bIMG_4978.JPG,437,94,457,113,not screw
images_600_bIMG_4978.JPG,325,164,350,185,not screw
images_600_bIMG_4978.JPG,154,348,182,371,not screw
images_600_bIMG_4979.JPG,336,143,364,167,screw
images_600_bIMG_4979.JPG,466,52,496,76,screw
images_600_bIMG_4979.JPG,137,39,165,63,not screw
images_600_bIMG_4979.JPG,148,354,172,380,not screw
images_600_bIMG_4979.JPG,475,368,499,397,not screw
images_600_bIMG_4980.JPG,139,370,170,394,screw
images_600_bIMG_4980.JPG,342,144,369,167,screw
images_600_bIMG_4980.JPG,136,42,166,66,not screw
images_600_bIMG_4980.JPG,476,45,506,72,not screw
images_600_bIMG_4980.JPG,493,382,521,412,not screw
images_600_bIMG_4982.JPG,330,129,360,157,screw
images_600_bIMG_4982.JPG,488,376,517,405,screw
images_600_bIMG_4982.JPG,116,25,147,50,not screw
images_600_bIMG_4982.JPG,469,28,496,56,not screw
images_600_bIMG_4982.JPG,127,362,160,389,not screw
images_600_bIMG_4983.JPG,458,60,488,81,screw
images_600_bIMG_4983.JPG,153,359,179,384,screw
images_600_bIMG_4983.JPG,141,45,168,73,not screw
images_600_bIMG_4983.JPG,339,147,362,171,not screw
images_600_bIMG_4983.JPG,477,367,502,392,not screw
images_600_bIMG_4984.JPG,423,54,446,75,screw
images_600_bIMG_4984.JPG,437,385,461,405,screw
images_600_bIMG_4984.JPG,86,47,112,73,not screw
images_600_bIMG_4984.JPG,287,147,314,170,not screw
images_600_bIMG_4984.JPG,95,366,122,394,not screw
images_600_bIMG_4985.JPG,113,55,143,82,screw
images_600_bIMG_4985.JPG,324,169,356,197,screw
images_600_bIMG_4985.JPG,460,71,497,98,screw
images_600_bIMG_4985.JPG,117,392,148,418,not screw
images_600_bIMG_4985.JPG,472,414,500,441,not screw
images_600_bIMG_4986.JPG,120,70,146,90,screw
images_600_bIMG_4986.JPG,124,370,151,394,screw
images_600_bIMG_4986.JPG,309,163,338,188,screw
images_600_bIMG_4986.JPG,433,76,461,101,not screw
images_600_bIMG_4986.JPG,442,385,468,411,not screw
images_600_bIMG_4988.JPG,101,62,127,86,screw
images_600_bIMG_4988.JPG,294,161,318,184,screw
images_600_bIMG_4988.JPG,429,386,453,413,screw
images_600_bIMG_4988.JPG,419,65,447,99,not screw
images_600_bIMG_4988.JPG,107,365,134,389,not screw
images_600_bIMG_4991.JPG,137,41,162,64,screw
images_600_bIMG_4991.JPG,470,55,497,77,screw
images_600_bIMG_4991.JPG,136,355,168,381,screw
images_600_bIMG_4991.JPG,333,144,358,165,not screw
images_600_bIMG_4991.JPG,475,377,497,399,not screw
images_600_bIMG_4992.JPG,139,35,165,60,screw
images_600_bIMG_4992.JPG,478,54,504,74,screw
images_600_bIMG_4992.JPG,484,383,506,405,screw
images_600_bIMG_4992.JPG,341,142,366,169,not screw
images_600_bIMG_4992.JPG,140,359,170,381,not screw
images_600_bIMG_4993.JPG,182,76,211,99,screw
images_600_bIMG_4993.JPG,184,354,211,377,screw
images_600_bIMG_4993.JPG,488,379,516,403,screw
images_600_bIMG_4993.JPG,356,166,383,184,not screw
images_600_bIMG_4993.JPG,481,86,503,102,not screw
images_600_bIMG_4994.JPG,446,85,468,108,screw
images_600_bIMG_4994.JPG,313,174,338,199,screw
images_600_bIMG_4994.JPG,130,378,160,400,screw
images_600_bIMG_4994.JPG,124,80,150,102,not screw
images_600_bIMG_4994.JPG,450,403,477,428,not screw
images_600_bIMG_4995.JPG,320,155,346,179,screw
images_600_bIMG_4995.JPG,124,363,154,390,screw
images_600_bIMG_4995.JPG,466,395,492,421,screw
images_600_bIMG_4995.JPG,131,51,152,77,not screw
images_600_bIMG_4995.JPG,460,57,486,83,not screw
images_600_bIMG_4996.JPG,104,374,127,399,screw
images_600_bIMG_4996.JPG,429,64,452,88,screw
images_600_bIMG_4996.JPG,446,392,468,419,screw
images_600_bIMG_4996.JPG,100,59,124,82,not screw
images_600_bIMG_4996.JPG,298,157,321,177,not screw
images_600_bIMG_4997.JPG,331,160,352,182,screw
images_600_bIMG_4997.JPG,149,368,172,390,screw
images_600_bIMG_4997.JPG,462,378,489,402,screw
images_600_bIMG_4997.JPG,453,75,475,97,not screw
images_600_bIMG_4997.JPG,138,67,161,87,not screw
images_600_bIMG_4998.JPG,482,55,505,78,screw
images_600_bIMG_4998.JPG,351,143,376,167,screw
images_600_bIMG_4998.JPG,494,372,519,396,screw
images_600_bIMG_4998.JPG,167,50,191,74,not screw
images_600_bIMG_4998.JPG,165,348,191,370,not screw
images_600_bIMG_4999.JPG,459,72,484,94,screw
images_600_bIMG_4999.JPG,327,158,354,178,screw
images_600_bIMG_4999.JPG,133,364,157,390,screw
images_600_bIMG_4999.JPG,133,48,162,79,not screw
images_600_bIMG_4999.JPG,464,390,489,415,not screw
images_600_bIMG_5001.JPG,451,85,478,110,screw
images_600_bIMG_5001.JPG,312,175,341,202,screw
images_600_bIMG_5001.JPG,116,398,142,423,screw
images_600_bIMG_5001.JPG,455,418,488,444,screw
images_600_bIMG_5001.JPG,110,74,136,95,not screw
images_600_bIMG_5002.JPG,137,67,166,90,screw
images_600_bIMG_5002.JPG,450,85,479,108,screw
images_600_bIMG_5002.JPG,133,366,162,390,screw
images_600_bIMG_5002.JPG,452,394,482,423,screw
images_600_bIMG_5002.JPG,322,161,351,190,not screw
images_600_bIMG_5004.JPG,126,75,153,101,screw
images_600_bIMG_5004.JPG,326,179,350,204,screw
images_600_bIMG_5004.JPG,131,393,157,416,screw
images_600_bIMG_5004.JPG,460,413,490,441,screw
images_600_bIMG_5004.JPG,463,85,487,112,not screw
images_600_bIMG_5005.JPG,124,92,156,112,screw
images_600_bIMG_5005.JPG,306,183,330,208,screw
images_600_bIMG_5005.JPG,426,101,449,123,screw
images_600_bIMG_5005.JPG,431,399,457,421,screw
images_600_bIMG_5005.JPG,130,375,156,395,not screw
images_600_bIMG_5006.JPG,105,51,132,76,screw
images_600_bIMG_5006.JPG,314,156,338,183,screw
images_600_bIMG_5006.JPG,457,60,485,90,screw
images_600_bIMG_5006.JPG,110,378,142,406,screw
images_600_bIMG_5006.JPG,461,403,485,429,not screw
images_600_bIMG_5007.JPG,123,167,154,198,not screw
images_600_bIMG_5007.JPG,354,164,376,191,not screw
images_600_bIMG_5007.JPG,502,263,532,289,not screw
images_600_bIMG_5008.JPG,117,202,151,234,screw
images_600_bIMG_5008.JPG,341,195,370,223,not screw
images_600_bIMG_5008.JPG,489,297,520,318,not screw
images_600_bIMG_5009.JPG,298,184,333,215,screw
images_600_bIMG_5009.JPG,56,193,90,223,not screw
images_600_bIMG_5009.JPG,465,289,493,318,not screw
images_600_bIMG_5086.JPG,137,330,181,379,not screw
images_600_bIMG_5087.JPG,189,43,248,97,not screw
images_600_bIMG_5092.JPG,234,351,288,406,screw
images_600_bIMG_5093.JPG,216,211,262,257,screw
images_600_bIMG_5098.JPG,104,188,144,235,screw
images_600_bIMG_5099.JPG,274,153,319,195,screw
images_600_bIMG_5105.JPG,273,200,321,246,not screw
images_600_bIMG_5106.JPG,457,201,507,242,not screw
images_600_bIMG_5111.JPG,347,383,392,423,not screw
images_600_bIMG_5112.JPG,357,238,401,271,not screw
images_600_bIMG_5117.JPG,503,345,549,384,screw
images_600_bIMG_5118.JPG,482,202,534,248,screw
images_600_bIMG_5123.JPG,396,351,431,389,screw
images_600_bIMG_5124.JPG,44,205,94,255,screw
images_600_bIMG_5129.JPG,377,353,427,400,screw
images_600_bIMG_5130.JPG,242,364,302,408,screw
images_600_bIMG_5135.JPG,178,102,222,145,screw
images_600_bIMG_5135.JPG,324,361,370,404,not screw
images_600_bIMG_5136.JPG,349,111,393,152,screw
images_600_bIMG_5136.JPG,509,376,553,419,not screw
images_600_bIMG_5141.JPG,304,247,345,282,screw
images_600_bIMG_5141.JPG,527,133,566,165,not screw
images_600_bIMG_5142.JPG,328,390,364,423,screw
images_600_bIMG_5142.JPG,547,280,590,320,not screw
images_600_bIMG_5148.JPG,257,301,297,340,screw
images_600_bIMG_5148.JPG,67,407,111,439,not screw
images_600_bIMG_5149.JPG,52,298,86,329,not screw
images_600_bIMG_5149.JPG,243,198,283,227,screw
images_600_bIMG_5154.JPG,162,184,195,209,not screw
images_600_bIMG_5154.JPG,334,78,365,110,screw
images_600_bIMG_5155.JPG,299,370,326,400,not screw
images_600_bIMG_5155.JPG,475,283,506,316,screw
images_600_bIMG_5160.JPG,51,206,87,244,not screw
images_600_bIMG_5160.JPG,258,92,302,126,not screw
images_600_bIMG_5161.JPG,41,134,72,170,not screw
images_600_bIMG_5161.JPG,242,27,275,61,not screw
images_600_bIMG_5166.JPG,318,383,350,418,not screw
images_600_bIMG_5166.JPG,518,269,549,306,not screw
images_600_bIMG_5167.JPG,512,215,550,247,not screw
images_600_bIMG_5167.JPG,308,330,347,365,not screw
images_600_bIMG_5173.JPG,28,137,66,168,screw
images_600_bIMG_5173.JPG,206,37,248,69,screw
images_600_bIMG_5174.JPG,120,122,153,157,screw
images_600_bIMG_5174.JPG,308,20,341,53,screw
images_600_bIMG_5179.JPG,506,195,539,231,screw
images_600_bIMG_5179.JPG,310,301,342,332,screw
images_600_bIMG_5180.JPG,524,87,558,120,screw
images_600_bIMG_5180.JPG,325,198,362,231,screw
images_600_bIMG_5185.JPG,191,36,226,71,not screw
images_600_bIMG_5185.JPG,25,160,57,191,not screw
images_600_bIMG_5186.JPG,305,259,342,294,not screw
images_600_bIMG_5186.JPG,142,371,171,406,not screw
images_600_bIMG_5191.JPG,200,221,238,252,not screw
images_600_bIMG_5191.JPG,374,101,411,132,not screw
images_600_bIMG_5192.JPG,206,306,242,345,not screw
images_600_bIMG_5192.JPG,377,191,414,223,not screw
images_600_bIMG_5197.JPG,289,191,341,246,not screw
images_600_bIMG_5197.JPG,511,39,561,77,not screw
images_600_bIMG_5198.JPG,50,74,99,113,not screw
images_600_bIMG_5198.JPG,206,303,265,353,not screw
images_600_bIMG_5203.JPG,32,267,80,323,not screw
images_600_bIMG_5204.JPG,16,191,82,255,not screw
images_600_bIMG_5209.JPG,454,194,516,239,not screw
images_600_bIMG_5210.JPG,337,211,391,261,not screw
images_600_bIMG_5215.JPG,308,334,365,393,not screw
images_600_bIMG_5216.JPG,397,357,466,421,not screw
images_600_bIMG_5221.JPG,490,51,526,86,not screw
images_600_bIMG_5222.JPG,523,206,584,264,not screw
images_600_bIMG_5227.JPG,153,164,212,214,not screw
images_600_bIMG_5228.JPG,241,175,289,232,not screw
images_600_bIMG_5233.JPG,240,46,294,85,screw
images_600_bIMG_5233.JPG,396,273,439,307,not screw
images_600_bIMG_5234.JPG,343,23,379,67,screw
images_600_bIMG_5234.JPG,494,262,530,298,not screw
images_600_bIMG_5239.JPG,177,146,230,202,screw
images_600_bIMG_5240.JPG,75,154,119,202,screw
images_600_bIMG_5245.JPG,14,144,55,186,screw
images_600_bIMG_5245.JPG,229,9,267,48,not screw
images_600_bIMG_5246.JPG,113,145,158,183,screw
images_600_bIMG_5246.JPG,320,15,355,49,not screw
images_600_bIMG_5251.JPG,214,293,250,325,screw
images_600_bIMG_5251.JPG,418,160,453,195,not screw
images_600_bIMG_5252.JPG,225,219,270,256,screw
images_600_bIMG_5252.JPG,435,81,473,118,not screw
images_600_bIMG_5257.JPG,265,384,312,427,screw
images_600_bIMG_5257.JPG,484,228,525,262,not screw
images_600_bIMG_5258.JPG,58,126,130,187,screw
images_600_bIMG_5263.JPG,492,244,550,306,screw
images_600_bIMG_5264.JPG,392,247,464,295,screw
images_600_bIMG_5269.JPG,25,368,82,423,screw
images_600_bIMG_5270.JPG,100,382,173,439,screw
images_600_bIMG_5275.JPG,9,358,60,404,screw
images_600_bIMG_5275.JPG,238,195,286,239,screw
images_600_bIMG_5276.JPG,9,280,56,327,screw
images_600_bIMG_5276.JPG,246,126,290,168,screw
images_600_bIMG_5281.JPG,121,310,157,343,screw
images_600_bIMG_5281.JPG,329,159,379,199,screw
images_600_bIMG_5282.JPG,330,234,372,279,screw
images_600_bIMG_5282.JPG,117,384,158,429,screw
images_600_bIMG_5287.JPG,28,67,76,111,screw
images_600_bIMG_5287.JPG,203,298,250,348,screw
images_600_bIMG_5288.JPG,140,3,180,43,screw
images_600_bIMG_5288.JPG,298,223,340,264,screw
images_600_bIMG_5293.JPG,298,134,349,177,screw
images_600_bIMG_5293.JPG,467,368,514,412,screw
images_600_bIMG_5294.JPG,206,96,253,139,screw
images_600_bIMG_5294.JPG,371,312,408,352,screw
images_600_bIMG_5299.JPG,169,201,212,243,screw
images_600_bIMG_5299.JPG,327,425,364,445,3
images_600_bIMG_5300.JPG,246,194,294,232,screw
images_600_bIMG_5300.JPG,409,414,448,448,screw
images_600_bIMG_5305.JPG,356,28,412,72,screw
images_600_bIMG_5306.JPG,454,29,510,76,screw
images_600_bIMG_5307.JPG,506,26,550,68,screw
images_600_bIMG_5308.JPG,526,79,567,122,screw
images_600_bIMG_5309.JPG,466,74,507,114,screw
images_600_bIMG_5310.JPG,343,85,397,137,screw
images_600_bIMG_5311.JPG,230,111,279,157,screw
images_600_bIMG_5312.JPG,115,140,159,185,screw
images_600_bIMG_5313.JPG,84,231,134,266,screw
images_600_bIMG_5314.JPG,163,190,220,245,screw
images_600_bIMG_5315.JPG,295,207,350,252,screw
images_600_bIMG_5316.JPG,430,216,480,264,screw
images_600_bIMG_5320.JPG,221,225,273,262,screw
images_600_bIMG_5320.JPG,9,366,47,402,not screw
images_600_bIMG_5321.JPG,215,157,257,198,screw
images_600_bIMG_5321.JPG,5,296,45,333,not screw
images_600_bIMG_5322.JPG,229,87,266,124,screw
images_600_bIMG_5322.JPG,14,226,47,270,not screw
images_600_bIMG_5323.JPG,229,20,276,59,screw
images_600_bIMG_5323.JPG,10,168,50,201,not screw
images_600_bIMG_5324.JPG,340,216,380,250,screw
images_600_bIMG_5324.JPG,130,356,169,396,not screw
images_600_bIMG_5325.JPG,337,130,375,163,screw
images_600_bIMG_5325.JPG,124,269,165,312,not screw
images_600_bIMG_5326.JPG,352,27,395,62,screw
images_600_bIMG_5326.JPG,136,175,181,210,not screw
images_600_bIMG_5327.JPG,472,230,516,267,screw
images_600_bIMG_5327.JPG,254,383,298,417,not screw
images_600_bIMG_5328.JPG,464,146,499,184,screw
images_600_bIMG_5328.JPG,241,289,283,331,not screw
images_600_bIMG_5329.JPG,499,23,541,65,screw
images_600_bIMG_5329.JPG,272,187,316,226,not screw
images_600_bIMG_5330.JPG,61,35,98,70,not screw
images_600_bIMG_5330.JPG,203,240,243,273,screw
images_600_bIMG_5331.JPG,165,1,201,41,not screw
images_600_bIMG_5331.JPG,310,224,350,259,screw
images_600_bIMG_5332.JPG,274,21,309,64,not screw
images_600_bIMG_5332.JPG,426,231,461,264,screw
images_600_bIMG_5333.JPG,360,5,405,38,not screw
images_600_bIMG_5333.JPG,522,218,561,254,screw
images_600_bIMG_5334.JPG,63,50,110,98,not screw
images_600_bIMG_5334.JPG,223,282,267,323,screw
images_600_bIMG_5335.JPG,166,75,210,113,not screw
images_600_bIMG_5335.JPG,317,301,361,343,screw
images_600_bIMG_5336.JPG,271,91,310,129,not screw
images_600_bIMG_5336.JPG,429,308,483,347,screw
images_600_bIMG_5337.JPG,345,119,386,154,not screw
images_600_bIMG_5337.JPG,506,350,552,386,screw
images_600_bIMG_5338.JPG,37,135,90,174,not screw
images_600_bIMG_5338.JPG,215,395,266,439,screw
images_600_bIMG_5339.JPG,106,149,146,185,not screw
images_600_bIMG_5339.JPG,279,399,324,444,screw
images_600_bIMG_5340.JPG,197,171,242,216,not screw
images_600_bIMG_5340.JPG,371,411,414,447,screw
images_600_bIMG_5341.JPG,276,186,314,225,not screw
images_600_bIMG_5341.JPG,445,408,494,448,screw
images_600_bIMG_5343.JPG,364,192,404,228,not screw
images_600_bIMG_5343.JPG,545,406,586,447,screw
images_600_bIMG_5344.JPG,232,79,286,126,screw
images_600_bIMG_5345.JPG,98,206,150,253,screw
images_600_bIMG_5346.JPG,56,82,105,126,screw
images_600_bIMG_5347.JPG,161,146,215,193,screw
images_600_bIMG_5348.JPG,273,182,322,226,screw
images_600_bIMG_5349.JPG,386,211,436,258,screw
images_600_bIMG_5350.JPG,432,207,482,260,screw
images_600_bIMG_5351.JPG,461,279,523,326,screw
images_600_bIMG_5352.JPG,336,273,386,329,screw
images_600_bIMG_5353.JPG,280,295,323,346,screw
images_600_bIMG_5354.JPG,170,317,212,361,screw
images_600_bIMG_5355.JPG,83,320,133,366,screw
images_600_bIMG_5356.JPG,58,351,121,392,screw
images_600_bIMG_5357.JPG,126,355,177,396,screw
images_600_bIMG_5358.JPG,180,388,222,429,screw
images_600_bIMG_5359.JPG,271,395,326,439,screw
images_600_bIMG_5360.JPG,344,405,390,449,screw
images_600_bIMG_5361.JPG,407,402,449,444,screw
images_600_bIMG_5362.JPG,486,404,533,446,screw
images_600_bIMG_5363.JPG,476,372,522,420,not screw
images_600_bIMG_5364.JPG,368,361,410,403,not screw
images_600_bIMG_5365.JPG,292,357,340,401,not screw
images_600_bIMG_5366.JPG,206,364,255,413,not screw
images_600_bIMG_5367.JPG,101,371,151,418,not screw
images_600_bIMG_5368.JPG,86,271,132,320,not screw
images_600_bIMG_5369.JPG,186,274,241,320,not screw
images_600_bIMG_5370.JPG,329,281,375,342,not screw
images_600_bIMG_5371.JPG,413,291,464,338,not screw
images_600_bIMG_5372.JPG,498,303,541,346,not screw
images_600_bIMG_5373.JPG,515,382,567,431,not screw
images_600_bIMG_5374.JPG,411,390,457,435,not screw
images_600_bIMG_5375.JPG,252,392,301,436,not screw
images_600_bIMG_5376.JPG,129,387,185,437,not screw
images_600_bIMG_5377.JPG,35,402,80,443,not screw
images_600_bIMG_5378.JPG,434,301,485,352,screw
images_600_bIMG_5379.JPG,452,230,504,269,screw
images_600_bIMG_5380.JPG,455,134,503,180,screw
images_600_bIMG_5381.JPG,457,62,505,107,screw
images_600_bIMG_5382.JPG,360,39,403,81,screw
images_600_bIMG_5383.JPG,358,145,401,188,screw
images_600_bIMG_5384.JPG,367,232,412,271,screw
images_600_bIMG_5385.JPG,361,322,407,360,screw
images_600_bIMG_5386.JPG,243,355,289,405,screw
images_600_bIMG_5387.JPG,237,250,278,284,screw
images_600_bIMG_5388.JPG,291,141,332,177,screw
images_600_bIMG_5389.JPG,63,369,103,408,not screw
images_600_bIMG_5390.JPG,25,264,74,311,not screw
images_600_bIMG_5391.JPG,24,172,64,207,not screw
images_600_bIMG_5392.JPG,54,101,86,130,not screw
images_600_bIMG_5393.JPG,51,15,86,45,not screw
images_600_bIMG_5394.JPG,120,27,155,65,not screw
images_600_bIMG_5395.JPG,134,141,167,167,not screw
images_600_bIMG_5396.JPG,142,221,182,261,not screw
images_600_bIMG_5397.JPG,16,62,44,91,not screw
images_600_bIMG_5397.JPG,172,348,203,377,not screw
images_600_bIMG_5398.JPG,351,324,391,360,not screw
images_600_bIMG_5399.JPG,348,215,394,255,not screw
images_600_bIMG_5400.JPG,347,73,401,114,not screw
images_600_bIMG_5401.JPG,456,20,506,61,not screw
images_600_bIMG_5402.JPG,421,160,463,201,not screw
images_600_bIMG_5403.JPG,429,263,475,308,not screw
images_600_bIMG_5404.JPG,454,336,502,375,not screw
images_600_bIMG_5405.JPG,486,208,536,247,not screw
images_600_bIMG_5406.JPG,499,122,550,166,not screw
images_600_bIMG_5407.JPG,499,70,556,120,not screw
images_600_bIMG_5408.JPG,43,357,101,405,screw
images_600_bIMG_5409.JPG,18,268,74,314,screw
images_600_bIMG_5410.JPG,11,180,63,226,screw
images_600_bIMG_5411.JPG,9,80,63,131,screw
images_600_bIMG_5412.JPG,94,21,139,61,screw
images_600_bIMG_5413.JPG,83,112,129,156,screw
images_600_bIMG_5414.JPG,68,210,119,247,screw
images_600_bIMG_5415.JPG,57,307,108,353,screw
images_600_bIMG_5416.JPG,61,358,113,402,screw
images_600_bIMG_5417.JPG,116,329,183,374,screw
images_600_bIMG_5418.JPG,129,277,184,322,screw
images_600_bIMG_5419.JPG,109,192,160,237,screw
images_600_bIMG_5420.JPG,147,76,192,120,screw
images_600_bIMG_5421.JPG,127,32,176,85,screw
images_600_bIMG_5422.JPG,203,24,258,71,screw
images_600_bIMG_5423.JPG,187,115,244,166,screw
images_600_bIMG_5424.JPG,173,233,240,281,screw
images_600_bIMG_5425.JPG,165,314,224,365,screw
images_600_bIMG_5426.JPG,279,341,338,401,screw
images_600_bIMG_5427.JPG,273,276,327,330,screw
images_600_bIMG_5428.JPG,255,173,308,223,screw
images_600_bIMG_5429.JPG,282,71,338,125,screw
images_600_bIMG_5430.JPG,362,52,428,114,screw
images_600_bIMG_5431.JPG,318,154,379,209,screw
images_600_bIMG_5432.JPG,328,255,378,295,screw
images_600_bIMG_5433.JPG,345,315,393,361,screw
images_600_bIMG_5434.JPG,399,317,452,364,screw
images_600_bIMG_5435.JPG,369,219,423,266,screw
images_600_bIMG_5436.JPG,371,125,423,170,screw
images_600_bIMG_5437.JPG,383,40,427,85,screw
images_600_bIMG_5438.JPG,472,32,534,84,screw
images_600_bIMG_5439.JPG,457,126,517,176,screw
images_600_bIMG_5440.JPG,463,213,524,263,screw
images_600_bIMG_5441.JPG,457,316,520,374,screw
images_600_bIMG_5442.JPG,490,59,537,101,screw
images_600_bIMG_5443.JPG,358,59,393,97,screw
images_600_bIMG_5444.JPG,237,42,291,86,screw
images_600_bIMG_5445.JPG,110,17,155,61,screw
images_600_bIMG_5446.JPG,76,59,124,104,screw
images_600_bIMG_5447.JPG,155,97,203,139,screw
images_600_bIMG_5448.JPG,255,102,308,155,screw
images_600_bIMG_5449.JPG,398,130,449,180,screw
images_600_bIMG_5450.JPG,507,153,560,204,screw
images_600_bIMG_5452.JPG,422,185,469,235,screw
images_600_bIMG_5453.JPG,327,165,371,222,screw
images_600_bIMG_5454.JPG,195,153,243,206,screw
images_600_bIMG_5455.JPG,85,174,148,227,screw
images_600_bIMG_5456.JPG,91,289,166,348,screw
images_600_bIMG_5457.JPG,204,281,258,332,screw
images_600_bIMG_5458.JPG,327,281,394,336,screw
images_600_bIMG_5459.JPG,421,287,477,342,screw
images_600_bIMG_5460.JPG,503,287,559,344,screw
images_600_bIMG_5461.JPG,480,357,539,412,screw
images_600_bIMG_5462.JPG,333,384,390,440,screw
images_600_bIMG_5463.JPG,156,399,214,448,screw
images_600_bIMG_5464.JPG,41,371,80,418,not screw
images_600_bIMG_5465.JPG,9,276,53,324,not screw
images_600_bIMG_5466.JPG,20,189,69,239,not screw
images_600_bIMG_5467.JPG,35,100,77,141,not screw
images_600_bIMG_5468.JPG,16,31,58,79,not screw
images_600_bIMG_5469.JPG,78,11,125,55,not screw
images_600_bIMG_5470.JPG,77,84,123,128,not screw
images_600_bIMG_5471.JPG,78,178,123,222,not screw
images_600_bIMG_5472.JPG,72,250,120,297,not screw
images_600_bIMG_5473.JPG,88,330,140,371,not screw
images_600_bIMG_5474.JPG,139,371,182,415,not screw
images_600_bIMG_5475.JPG,128,316,173,361,not screw
images_600_bIMG_5476.JPG,144,222,189,266,not screw
images_600_bIMG_5477.JPG,153,144,194,185,not screw
images_600_bIMG_5478.JPG,171,58,218,104,not screw
images_600_bIMG_5479.JPG,229,39,285,84,not screw
images_600_bIMG_5480.JPG,221,89,282,143,not screw
images_600_bIMG_5481.JPG,349,37,401,91,not screw
images_600_bIMG_5482.JPG,446,32,503,85,not screw
images_600_bIMG_5483.JPG,438,102,489,150,not screw
images_600_bIMG_5484.JPG,464,138,507,182,not screw
images_600_bIMG_5485.JPG,154,355,199,393,not screw
images_600_bIMG_5486.JPG,184,361,226,403,not screw
images_600_bIMG_5487.JPG,286,371,333,419,not screw
images_600_bIMG_5488.JPG,283,288,333,337,not screw
images_600_bIMG_5489.JPG,185,274,240,318,not screw
images_600_bIMG_5490.JPG,88,69,132,114,not screw
images_600_bIMG_5491.JPG,226,143,282,190,not screw
images_600_bIMG_5492.JPG,408,195,454,236,not screw
images_600_bIMG_5493.JPG,500,209,547,253,not screw
images_600_bIMG_5494.JPG,502,305,546,348,not screw
images_600_bIMG_5495.JPG,379,292,423,334,not screw
images_600_bIMG_5496.JPG,241,292,290,338,not screw
images_600_bIMG_5497.JPG,127,334,178,375,not screw
images_600_bIMG_5498.JPG,305,205,359,258,not screw
images_600_bIMG_5499.JPG,398,25,465,94,not screw
images_600_bIMG_5500.JPG,300,5,346,51,not screw
images_600_bIMG_5501.JPG,416,161,471,222,not screw
images_600_bIMG_5502.JPG,431,372,483,428,not screw
images_600_bIMG_5503.JPG,243,364,304,419,not screw
images_600_bIMG_5504.JPG,110,242,163,297,not screw
images_600_bIMG_5505.JPG,69,316,117,362,screw
images_600_bIMG_5506.JPG,70,215,113,254,screw
images_600_bIMG_5507.JPG,60,143,106,189,screw
images_600_bIMG_5508.JPG,37,48,80,86,screw
images_600_bIMG_5509.JPG,125,46,167,85,screw
images_600_bIMG_5510.JPG,133,132,178,174,screw
images_600_bIMG_5511.JPG,134,225,183,276,screw
images_600_bIMG_5512.JPG,141,316,181,358,screw
images_600_bIMG_5513.JPG,160,366,201,411,screw
images_600_bIMG_5514.JPG,521,99,564,132,screw
images_600_bIMG_5515.JPG,376,95,412,133,screw
images_600_bIMG_5516.JPG,233,87,280,130,screw
images_600_bIMG_5517.JPG,66,57,112,100,screw
images_600_bIMG_5518.JPG,88,161,141,212,screw
images_600_bIMG_5519.JPG,242,162,278,206,screw
images_600_bIMG_5520.JPG,367,142,410,192,screw
images_600_bIMG_5521.JPG,483,194,520,231,screw
images_600_bIMG_5522.JPG,526,308,564,337,screw
images_600_bIMG_5524.JPG,281,231,338,275,screw
images_600_bIMG_5525.JPG,78,262,146,320,screw
images_600_bIMG_5526.JPG,35,268,73,301,not screw
images_600_bIMG_5527.JPG,47,189,78,226,not screw
images_600_bIMG_5527.JPG,242,315,279,350,screw
images_600_bIMG_5528.JPG,53,99,82,127,not screw
images_600_bIMG_5528.JPG,244,213,278,244,screw
images_600_bIMG_5529.JPG,61,27,95,58,not screw
images_600_bIMG_5529.JPG,247,150,290,180,screw
images_600_bIMG_5530.JPG,130,13,172,48,not screw
images_600_bIMG_5530.JPG,328,134,374,169,screw
images_600_bIMG_5531.JPG,144,111,182,144,not screw
images_600_bIMG_5531.JPG,339,231,370,265,screw
images_600_bIMG_5532.JPG,132,192,159,225,not screw
images_600_bIMG_5532.JPG,325,311,359,337,screw
images_600_bIMG_5533.JPG,136,258,180,300,not screw
images_600_bIMG_5533.JPG,335,385,378,417,screw
images_600_bIMG_5534.JPG,203,243,243,280,not screw
images_600_bIMG_5534.JPG,422,380,466,422,screw
images_600_bIMG_5535.JPG,211,201,243,233,not screw
images_600_bIMG_5535.JPG,418,334,455,367,screw
images_600_bIMG_5536.JPG,203,131,242,160,not screw
images_600_bIMG_5536.JPG,410,250,446,289,screw
images_600_bIMG_5537.JPG,225,51,260,87,not screw
images_600_bIMG_5537.JPG,416,177,454,213,screw
images_600_bIMG_5538.JPG,270,14,306,47,not screw
images_600_bIMG_5538.JPG,489,143,522,183,screw
images_600_bIMG_5539.JPG,273,133,318,175,now screw
images_600_bIMG_5539.JPG,518,278,556,320,screw
images_600_bIMG_5540.JPG,267,219,310,260,now screw
images_600_bIMG_5540.JPG,517,372,572,418,screw
images_600_bIMG_5541.JPG,514,67,552,105,now screw
images_600_bIMG_5541.JPG,386,282,435,324,screw
images_600_bIMG_5542.JPG,372,16,405,56,now screw
images_600_bIMG_5542.JPG,237,238,275,278,screw
images_600_bIMG_5543.JPG,218,8,256,45,now screw
images_600_bIMG_5543.JPG,77,225,120,268,screw
images_600_bIMG_5544.JPG,197,115,247,157,now screw
images_600_bIMG_5544.JPG,34,381,77,426,screw
images_600_bIMG_5545.JPG,350,125,396,164,now screw
images_600_bIMG_5545.JPG,202,383,250,425,screw
images_600_bIMG_5546.JPG,476,128,522,171,now screw
images_600_bIMG_5546.JPG,345,374,387,417,screw
images_600_bIMG_5547.JPG,22,74,71,127,screw
images_600_bIMG_5548.JPG,80,78,131,122,screw
images_600_bIMG_5549.JPG,26,163,84,220,screw
images_600_bIMG_5550.JPG,22,240,82,294,screw
images_600_bIMG_5551.JPG,41,334,97,385,screw
images_600_bIMG_5552.JPG,118,336,179,394,screw
images_600_bIMG_5553.JPG,140,280,193,323,screw
images_600_bIMG_5554.JPG,127,184,182,236,screw
images_600_bIMG_5555.JPG,134,102,191,157,screw
images_600_bIMG_5556.JPG,249,201,302,246,screw
images_600_bIMG_5557.JPG,362,224,409,266,screw
images_600_bIMG_5558.JPG,397,275,449,322,screw
images_600_bIMG_5559.JPG,312,312,361,360,screw
images_600_bIMG_5560.JPG,513,173,563,225,screw
images_600_bIMG_5561.JPG,417,174,470,228,screw
images_600_bIMG_5562.JPG,509,129,568,185,screw
images_600_bIMG_5563.JPG,314,132,376,187,screw
images_600_bIMG_5564.JPG,248,359,299,402,screw
images_600_bIMG_5565.JPG,281,232,341,289,screw
images_600_bIMG_5566.JPG,285,71,343,130,screw
images_600_bIMG_5567.JPG,412,18,476,79,screw
images_600_bIMG_5568.JPG,25,230,67,265,screw
images_600_bIMG_5568.JPG,216,352,253,386,now screw
images_600_bIMG_5569.JPG,32,167,68,202,screw
images_600_bIMG_5569.JPG,221,283,256,315,now screw
images_600_bIMG_5570.JPG,29,79,65,112,screw
images_600_bIMG_5570.JPG,220,198,258,233,now screw
images_600_bIMG_5571.JPG,46,6,79,35,screw
images_600_bIMG_5571.JPG,231,119,265,155,now screw
images_600_bIMG_5572.JPG,150,10,187,43,screw
images_600_bIMG_5572.JPG,349,131,382,164,now screw
images_600_bIMG_5573.JPG,156,124,190,158,screw
images_600_bIMG_5573.JPG,347,246,382,277,now screw
images_600_bIMG_5574.JPG,157,236,199,273,screw
images_600_bIMG_5574.JPG,363,368,400,403,now screw
images_600_bIMG_5575.JPG,263,241,302,281,screw
images_600_bIMG_5575.JPG,496,389,529,424,now screw
images_600_bIMG_5576.JPG,267,164,305,203,screw
images_600_bIMG_5576.JPG,496,306,534,342,now screw
images_600_bIMG_5578.JPG,540,6,573,40,screw
images_600_bIMG_5578.JPG,427,195,465,228,now screw
images_600_bIMG_5577.JPG,263,35,305,75,screw
images_600_bIMG_5577.JPG,508,183,548,223,now screw
images_600_bIMG_5580.JPG,259,4,297,39,screw
images_600_bIMG_5580.JPG,121,207,163,247,now screw
images_600_bIMG_5579.JPG,412,8,451,46,screw
images_600_bIMG_5579.JPG,293,202,326,239,now screw
images_600_bIMG_5582.JPG,222,130,259,167,screw
images_600_bIMG_5582.JPG,78,351,118,392,now screw
images_600_bIMG_5583.JPG,325,163,362,198,screw
images_600_bIMG_5583.JPG,183,382,223,420,now screw
images_600_bIMG_5584.JPG,411,170,450,206,screw
images_600_bIMG_5584.JPG,284,393,318,429,now screw
images_600_bIMG_5586.JPG,544,158,587,197,screw
images_600_bIMG_5586.JPG,424,383,461,426,now screw
images_600_bIMG_5589.JPG,21,163,56,192,screw
images_600_bIMG_5589.JPG,190,268,224,299,screw
images_600_bIMG_5588.JPG,1,253,21,283,screw
images_600_bIMG_5588.JPG,169,367,203,398,screw
images_600_bIMG_5581.JPG,175,32,213,75,screw
images_600_bIMG_5581.JPG,32,246,74,280,now screw
images_600_bIMG_5585.JPG,476,167,523,200,screw
images_600_bIMG_5585.JPG,356,392,394,427,now screw
images_600_bIMG_5587.JPG,356,1,394,36,screw
images_600_bIMG_5587.JPG,233,197,270,229,now screw
images_600_bIMG_5592.JPG,121,112,152,141,screw
images_600_bIMG_5592.JPG,280,213,310,244,screw
images_600_bIMG_5596.JPG,195,177,231,209,screw
images_600_bIMG_5596.JPG,389,300,433,337,screw
images_600_bIMG_5590.JPG,35,33,65,65,screw
images_600_bIMG_5590.JPG,202,142,233,171,screw
images_600_bIMG_5591.JPG,127,17,157,48,screw
images_600_bIMG_5591.JPG,286,120,317,148,screw
images_600_bIMG_5594.JPG,113,282,147,314,screw
images_600_bIMG_5594.JPG,297,405,334,440,screw
images_600_bIMG_5593.JPG,112,206,150,237,screw
images_600_bIMG_5593.JPG,288,316,317,346,screw
images_600_bIMG_5595.JPG,171,265,209,296,screw
images_600_bIMG_5595.JPG,372,398,406,436,screw
images_600_bIMG_5601.JPG,541,38,578,72,screw
images_600_bIMG_5601.JPG,430,236,466,272,screw
images_600_bIMG_5608.JPG,35,28,73,67,now screw
images_600_bIMG_5608.JPG,311,30,362,75,now screw
images_600_bIMG_5610.JPG,6,181,35,206,now screw
images_600_bIMG_5610.JPG,250,187,282,219,now screw
images_600_bIMG_5612.JPG,10,330,41,365,now screw
images_600_bIMG_5612.JPG,251,342,276,371,now screw
images_600_bIMG_5603.JPG,291,9,329,43,screw
images_600_bIMG_5603.JPG,157,234,197,271,screw
images_600_bIMG_5604.JPG,168,15,210,57,screw
images_600_bIMG_5604.JPG,18,249,66,288,screw
images_600_bIMG_5613.JPG,10,381,37,411,now screw
images_600_bIMG_5613.JPG,247,392,276,421,now screw
images_600_bIMG_5614.JPG,100,363,134,391,now screw
images_600_bIMG_5614.JPG,357,376,385,405,now screw
images_600_bIMG_5617.JPG,156,130,187,161,now screw
images_600_bIMG_5617.JPG,396,142,429,176,now screw
images_600_bIMG_5620.JPG,248,18,285,50,now screw
images_600_bIMG_5620.JPG,505,22,542,55,now screw
images_600_bIMG_5611.JPG,2,265,31,293,now screw
images_600_bIMG_5611.JPG,243,275,273,302,now screw
images_600_bIMG_5609.JPG,2,97,35,129,now screw
images_600_bIMG_5609.JPG,258,109,286,140,now screw
images_600_bIMG_5623.JPG,243,135,281,171,now screw
images_600_bIMG_5623.JPG,508,144,546,176,now screw
images_600_bIMG_5624.JPG,243,179,275,208,now screw
images_600_bIMG_5624.JPG,520,189,558,223,now screw
images_600_bIMG_5618.JPG,165,64,201,96,now screw
images_600_bIMG_5618.JPG,404,75,442,109,now screw
images_600_bIMG_5615.JPG,119,286,148,320,now screw
images_600_bIMG_5615.JPG,369,297,401,333,now screw
images_600_bIMG_5616.JPG,140,216,166,248,now screw
images_600_bIMG_5616.JPG,377,229,412,261,now screw
images_600_bIMG_5598.JPG,221,5,253,36,screw
images_600_bIMG_5598.JPG,429,122,465,160,screw
images_600_bIMG_5602.JPG,428,36,462,75,screw
images_600_bIMG_5602.JPG,303,252,342,289,screw
images_600_bIMG_5600.JPG,257,178,306,224,screw
images_600_bIMG_5600.JPG,510,335,551,383,screw
images_600_bIMG_5599.JPG,259,82,300,119,screw
images_600_bIMG_5599.JPG,501,223,542,265,screw
images_600_bIMG_5597.JPG,212,72,246,107,screw
images_600_bIMG_5597.JPG,407,192,442,228,screw
images_600_bIMG_5605.JPG,260,138,298,175,screw
images_600_bIMG_5605.JPG,132,356,173,395,screw
images_600_bIMG_5606.JPG,368,174,403,213,screw
images_600_bIMG_5606.JPG,260,394,290,422,screw
images_600_bIMG_5607.JPG,479,165,515,199,screw
images_600_bIMG_5607.JPG,364,391,398,427,screw
images_600_bIMG_5619.JPG,176,13,210,44,now screw
images_600_bIMG_5619.JPG,424,17,458,50,now screw
images_600_bIMG_5622.JPG,259,85,291,114,now screw
images_600_bIMG_5622.JPG,515,89,552,124,now screw
images_600_bIMG_5621.JPG,240,15,277,49,now screw
images_600_bIMG_5621.JPG,505,20,538,52,now screw
images_600_bIMG_5625.JPG,235,218,271,249,now screw
images_600_bIMG_5625.JPG,501,231,536,262,now screw
images_600_bIMG_5633.JPG,2,263,26,301,screw
images_600_bIMG_5633.JPG,238,278,268,308,now screw
images_600_bIMG_5626.JPG,215,262,250,296,now screw
images_600_bIMG_5626.JPG,486,275,519,309,now screw
images_600_bIMG_5627.JPG,201,317,234,353,now screw
images_600_bIMG_5627.JPG,477,331,513,367,now screw
images_600_bIMG_5629.JPG,85,16,119,48,screw
images_600_bIMG_5629.JPG,327,28,360,61,now screw
images_600_bIMG_5628.JPG,214,355,260,395,now screw
images_600_bIMG_5628.JPG,506,367,539,405,now screw
images_600_bIMG_5630.JPG,26,63,59,98,screw
images_600_bIMG_5630.JPG,265,77,291,107,now screw
images_600_bIMG_5631.JPG,-1,140,38,175,screw
images_600_bIMG_5631.JPG,252,153,282,187,now screw
images_600_bIMG_5632.JPG,3,209,34,242,screw
images_600_bIMG_5632.JPG,243,222,273,254,now screw
images_600_bIMG_5634.JPG,6,334,38,365,screw
images_600_bIMG_5634.JPG,250,347,278,374,now screw
images_600_bIMG_5635.JPG,3,376,35,407,screw
images_600_bIMG_5635.JPG,251,384,282,416,now screw
images_600_bIMG_5636.JPG,87,387,123,420,screw
images_600_bIMG_5636.JPG,352,400,383,427,now screw
images_600_bIMG_5638.JPG,105,257,144,287,screw
images_600_bIMG_5638.JPG,369,270,407,301,now screw
images_600_bIMG_5637.JPG,86,337,124,366,screw
images_600_bIMG_5637.JPG,355,348,388,379,now screw
images_600_bIMG_5639.JPG,96,184,134,217,screw
images_600_bIMG_5639.JPG,364,196,399,227,now screw
images_600_bIMG_5640.JPG,116,110,155,144,screw
images_600_bIMG_5640.JPG,385,116,419,149,now screw
images_600_bIMG_5641.JPG,119,56,154,90,screw
images_600_bIMG_5641.JPG,387,63,420,100,now screw
images_600_bIMG_5642.JPG,119,15,156,49,screw
images_600_bIMG_5642.JPG,389,19,424,58,now screw
images_600_bIMG_5643.JPG,188,13,227,53,screw
images_600_bIMG_5643.JPG,472,18,510,55,now screw
images_600_bIMG_5644.JPG,206,57,250,94,screw
images_600_bIMG_5644.JPG,487,58,522,96,now screw
images_600_bIMG_5645.JPG,226,98,269,135,screw
images_600_bIMG_5645.JPG,503,99,540,134,now screw
images_600_bIMG_5646.JPG,236,166,273,199,screw
images_600_bIMG_5646.JPG,522,172,556,204,now screw
images_600_bIMG_5647.JPG,226,253,263,286,screw
images_600_bIMG_5647.JPG,519,264,550,296,now screw
images_600_bIMG_5648.JPG,219,319,259,356,screw
images_600_bIMG_5648.JPG,516,333,551,366,now screw
images_600_bIMG_5649.JPG,237,377,277,413,screw
images_600_bIMG_5649.JPG,531,385,568,419,now screw
images_600_bIMG_5650.JPG,27,20,68,52,now screw
images_600_bIMG_5650.JPG,313,15,347,54,screw
images_600_bIMG_5651.JPG,235,95,266,124,screw
images_600_bIMG_5651.JPG,9,92,37,118,now screw
images_600_bIMG_5652.JPG,4,171,26,199,now screw
images_600_bIMG_5652.JPG,229,173,259,205,screw
images_600_bIMG_5653.JPG,5,235,36,265,now screw
images_600_bIMG_5653.JPG,231,238,262,267,screw
images_600_bIMG_5654.JPG,6,289,37,319,now screw
images_600_bIMG_5654.JPG,229,296,262,329,screw
images_600_bIMG_5655.JPG,2,343,25,374,now screw
images_600_bIMG_5655.JPG,230,352,259,386,screw
images_600_bIMG_5656.JPG,7,375,34,407,now screw
images_600_bIMG_5656.JPG,240,386,272,416,screw
images_600_bIMG_5657.JPG,94,364,125,394,now screw
images_600_bIMG_5657.JPG,334,377,367,407,screw
images_600_bIMG_5658.JPG,143,305,179,337,now screw
images_600_bIMG_5658.JPG,371,313,402,343,screw
images_600_bIMG_5659.JPG,143,242,173,271,now screw
images_600_bIMG_5659.JPG,372,252,402,280,screw
images_600_bIMG_5660.JPG,378,181,409,208,screw
images_600_bIMG_5660.JPG,152,169,182,203,now screw
images_600_bIMG_5661.JPG,133,110,165,141,now screw
images_600_bIMG_5661.JPG,373,119,406,146,screw
images_600_bIMG_5662.JPG,134,47,163,79,now screw
images_600_bIMG_5662.JPG,367,57,403,89,screw
images_600_bIMG_5663.JPG,221,26,253,55,now screw
images_600_bIMG_5663.JPG,457,32,489,63,screw
images_600_bIMG_5664.JPG,222,66,257,94,now screw
images_600_bIMG_5664.JPG,458,69,488,103,screw
images_600_bIMG_5665.JPG,223,137,255,167,now screw
images_600_bIMG_5665.JPG,453,142,481,174,screw
images_600_bIMG_5666.JPG,221,198,248,227,now screw
images_600_bIMG_5666.JPG,452,200,487,232,screw
images_600_bIMG_5667.JPG,236,252,264,277,now screw
images_600_bIMG_5667.JPG,470,254,502,284,screw
images_600_bIMG_5668.JPG,241,319,274,351,now screw
images_600_bIMG_5668.JPG,488,328,520,363,screw
images_600_bIMG_5669.JPG,249,366,281,399,now screw
images_600_bIMG_5669.JPG,493,373,527,406,screw
images_600_bIMG_5670.JPG,538,22,574,57,now screw
images_600_bIMG_5670.JPG,526,270,561,304,screw
images_600_bIMG_5671.JPG,469,10,500,39,now screw
images_600_bIMG_5671.JPG,463,250,494,288,screw
images_600_bIMG_5672.JPG,393,7,425,38,now screw
images_600_bIMG_5672.JPG,386,235,418,264,screw
images_600_bIMG_5673.JPG,326,6,358,35,now screw
images_600_bIMG_5673.JPG,316,237,352,271,screw
images_600_bIMG_5674.JPG,236,3,269,27,now screw
images_600_bIMG_5674.JPG,227,229,261,258,screw
images_600_bIMG_5675.JPG,170,7,206,40,now screw
images_600_bIMG_5675.JPG,163,240,195,273,screw
images_600_bIMG_5676.JPG,119,11,156,45,now screw
images_600_bIMG_5676.JPG,113,246,147,276,screw
images_600_bIMG_5677.JPG,88,24,121,51,now screw
images_600_bIMG_5677.JPG,547,158,578,186,now screw
images_600_bIMG_5677.JPG,79,237,108,265,screw
images_600_bIMG_5678.JPG,112,125,144,160,now screw
images_600_bIMG_5678.JPG,111,359,141,388,screw
images_600_bIMG_5679.JPG,165,128,197,157,now screw
images_600_bIMG_5679.JPG,164,359,197,392,screw
images_600_bIMG_5681.JPG,245,122,278,156,now screw
images_600_bIMG_5681.JPG,243,369,274,403,screw
images_600_bIMG_5682.JPG,358,142,390,172,now screw
images_600_bIMG_5682.JPG,352,382,392,412,screw
images_600_bIMG_5683.JPG,444,129,480,164,now screw
images_600_bIMG_5683.JPG,443,383,484,415,screw
images_600_bIMG_5684.JPG,514,142,552,174,now screw
images_600_bIMG_5684.JPG,517,391,552,426,screw
images_600_bIMG_5685.JPG,558,146,594,182,now screw
images_600_bIMG_5685.JPG,567,400,598,427,screw
images_600_bIMG_5686.JPG,50,11,84,39,screw
images_600_bIMG_5686.JPG,279,16,312,47,screw
images_600_bIMG_5687.JPG,27,74,62,104,screw
images_600_bIMG_5687.JPG,265,83,297,110,screw
images_600_bIMG_5688.JPG,7,162,42,194,screw
images_600_bIMG_5688.JPG,255,174,291,201,screw
images_600_bIMG_5689.JPG,11,240,42,273,screw
images_600_bIMG_5689.JPG,255,250,292,285,screw
images_600_bIMG_5690.JPG,1,304,34,339,screw
images_600_bIMG_5690.JPG,258,317,300,349,screw
images_600_bIMG_5691.JPG,5,374,40,412,screw
images_600_bIMG_5691.JPG,267,384,299,418,screw
images_600_bIMG_5692.JPG,86,358,135,395,screw
images_600_bIMG_5692.JPG,351,371,389,407,screw
images_600_bIMG_5693.JPG,113,293,146,322,screw
images_600_bIMG_5693.JPG,356,306,391,338,screw
images_600_bIMG_5694.JPG,129,223,164,255,screw
images_600_bIMG_5694.JPG,363,230,403,265,screw
images_600_bIMG_5695.JPG,143,153,174,186,screw
images_600_bIMG_5695.JPG,374,164,406,197,screw
images_600_bIMG_5696.JPG,142,103,179,132,screw
images_600_bIMG_5696.JPG,387,109,423,142,screw
images_600_bIMG_5697.JPG,153,43,183,75,screw
images_600_bIMG_5697.JPG,392,53,425,82,screw
images_600_bIMG_5698.JPG,158,8,194,39,screw
images_600_bIMG_5698.JPG,401,14,434,53,screw
images_600_bIMG_5699.JPG,249,0,278,25,screw
images_600_bIMG_5699.JPG,484,3,520,32,screw
images_600_bIMG_5700.JPG,226,38,261,73,screw
images_600_bIMG_5700.JPG,466,51,503,81,screw
images_600_bIMG_5701.JPG,201,67,232,100,screw
images_600_bIMG_5701.JPG,451,70,489,108,screw
images_600_bIMG_5702.JPG,192,141,228,172,screw
images_600_bIMG_5702.JPG,447,149,486,184,screw
images_600_bIMG_5703.JPG,187,209,227,244,screw
images_600_bIMG_5703.JPG,439,215,477,250,screw
images_600_bIMG_5704.JPG,188,264,228,297,screw
images_600_bIMG_5704.JPG,438,273,477,311,screw
images_600_bIMG_5705.JPG,177,312,215,344,screw
images_600_bIMG_5705.JPG,438,321,479,359,screw
images_600_bIMG_5706.JPG,178,347,216,380,screw
images_600_bIMG_5706.JPG,444,358,484,395,screw
images_600_bIMG_5707.JPG,253,339,291,374,screw
images_600_bIMG_5707.JPG,519,351,557,387,screw
images_600_bIMG_5708.JPG,263,280,297,312,screw
images_600_bIMG_5708.JPG,527,290,565,325,screw
images_600_bIMG_5709.JPG,266,185,307,220,screw
images_600_bIMG_5709.JPG,541,195,578,230,screw
images_600_bIMG_5710.JPG,278,99,315,136,screw
images_600_bIMG_5710.JPG,550,104,587,141,screw
images_600_bIMG_5711.JPG,264,28,304,62,screw
images_600_bIMG_5711.JPG,546,33,583,67,screw
images_600_bIMG_5712.JPG,542,30,578,60,screw
images_600_bIMG_5712.JPG,539,280,575,316,screw
images_600_bIMG_5713.JPG,491,15,528,44,screw
images_600_bIMG_5713.JPG,481,262,519,298,screw
images_600_bIMG_5714.JPG,409,27,442,61,screw
images_600_bIMG_5714.JPG,409,276,442,311,screw
images_600_bIMG_5715.JPG,343,27,377,57,screw
images_600_bIMG_5715.JPG,339,283,371,317,screw
images_600_bIMG_5716.JPG,263,2,311,45,screw
images_600_bIMG_5716.JPG,262,276,302,315,screw
images_600_bIMG_5717.JPG,183,12,225,45,screw
images_600_bIMG_5717.JPG,174,276,216,311,screw
images_600_bIMG_5718.JPG,109,3,154,42,screw
images_600_bIMG_5718.JPG,91,289,134,327,screw
images_600_bIMG_5719.JPG,43,8,78,47,screw
images_600_bIMG_5719.JPG,26,305,63,340,screw
images_600_bIMG_5720.JPG,76,90,117,126,screw
images_600_bIMG_5720.JPG,58,377,101,421,screw
images_600_bIMG_5721.JPG,148,107,185,141,screw
images_600_bIMG_5721.JPG,127,383,174,422,screw
images_600_bIMG_5722.JPG,227,121,264,152,screw
images_600_bIMG_5722.JPG,215,387,257,419,screw
images_600_bIMG_5723.JPG,320,112,356,148,screw
images_600_bIMG_5723.JPG,320,376,358,408,screw
images_600_bIMG_5724.JPG,420,125,456,161,screw
images_600_bIMG_5724.JPG,428,375,465,419,screw
images_600_bIMG_5725.JPG,506,122,540,156,screw
images_600_bIMG_5725.JPG,513,369,557,411,screw
images_600_bIMG_5726.JPG,556,38,592,74,screw
images_600_bIMG_5726.JPG,435,244,473,281,screw
images_600_bIMG_5727.JPG,465,15,506,53,screw
images_600_bIMG_5727.JPG,337,233,376,266,screw
images_600_bIMG_5728.JPG,373,26,424,67,screw
images_600_bIMG_5728.JPG,251,236,288,270,screw
images_600_bIMG_5729.JPG,314,31,353,68,screw
images_600_bIMG_5729.JPG,183,243,221,274,screw
images_600_bIMG_5730.JPG,112,255,153,295,screw
images_600_bIMG_5730.JPG,243,43,276,78,screw
images_600_bIMG_5731.JPG,185,55,226,88,screw
images_600_bIMG_5731.JPG,51,266,91,297,screw
images_600_bIMG_5732.JPG,148,26,188,62,screw
images_600_bIMG_5732.JPG,5,227,48,265,screw
images_600_bIMG_5733.JPG,186,153,232,192,screw
images_600_bIMG_5733.JPG,40,377,79,416,screw
images_600_bIMG_5734.JPG,244,137,283,178,screw
images_600_bIMG_5734.JPG,79,379,127,419,screw
images_600_bIMG_5735.JPG,332,113,381,160,screw
images_600_bIMG_5735.JPG,167,376,217,424,screw
images_600_bIMG_5736.JPG,385,112,428,150,screw
images_600_bIMG_5736.JPG,222,366,263,414,screw
images_600_bIMG_5737.JPG,487,109,533,152,screw
images_600_bIMG_5737.JPG,330,376,377,421,screw
images_600_bIMG_5738.JPG,519,127,564,170,screw
images_600_bIMG_5738.JPG,369,392,414,427,screw
images_600_bIMG_5739.JPG,547,118,592,163,screw
images_600_bIMG_5739.JPG,394,390,436,426,screw
images_600_bIMG_5740.JPG,477,352,525,395,screw
images_600_bIMG_5741.JPG,427,374,478,423,screw
images_600_bIMG_5742.JPG,330,369,375,416,screw
images_600_bIMG_5743.JPG,218,353,264,397,screw
images_600_bIMG_5744.JPG,141,351,194,405,screw
images_600_bIMG_5745.JPG,70,352,122,404,screw
images_600_bIMG_5746.JPG,36,359,89,409,screw
images_600_bIMG_5747.JPG,25,306,77,358,screw
images_600_bIMG_5748.JPG,93,297,148,349,screw
images_600_bIMG_5749.JPG,170,270,226,322,screw
images_600_bIMG_5750.JPG,244,254,296,305,screw
images_600_bIMG_5751.JPG,308,268,358,320,screw
images_600_bIMG_5752.JPG,368,274,414,322,screw
images_600_bIMG_5753.JPG,429,280,480,326,screw
images_600_bIMG_5754.JPG,493,277,536,327,screw
images_600_bIMG_5755.JPG,496,221,544,263,screw
images_600_bIMG_5756.JPG,475,351,515,395,screw
images_600_bIMG_5757.JPG,501,275,543,317,screw
images_600_bIMG_5758.JPG,503,220,546,265,screw
images_600_bIMG_5759.JPG,482,152,531,194,screw
images_600_bIMG_5760.JPG,497,86,551,129,screw
images_600_bIMG_5761.JPG,486,36,527,78,screw
images_600_bIMG_5762.JPG,427,32,475,78,screw
images_600_bIMG_5763.JPG,412,99,461,140,screw
images_600_bIMG_5764.JPG,413,177,462,218,screw
images_600_bIMG_5765.JPG,395,248,440,288,screw
images_600_bIMG_5766.JPG,391,297,439,340,screw
images_600_bIMG_5767.JPG,378,366,427,410,screw
images_600_bIMG_5768.JPG,540,371,585,413,now screw
images_600_bIMG_5769.JPG,455,360,497,406,now screw
images_600_bIMG_5770.JPG,392,353,433,398,now screw
images_600_bIMG_5771.JPG,308,344,358,394,now screw
images_600_bIMG_5772.JPG,248,334,294,381,now screw
images_600_bIMG_5773.JPG,172,332,215,375,now screw
images_600_bIMG_5774.JPG,105,336,154,378,now screw
images_600_bIMG_5775.JPG,34,353,81,397,now screw
images_600_bIMG_5776.JPG,36,293,84,336,now screw
images_600_bIMG_5777.JPG,97,267,145,314,now screw
images_600_bIMG_5778.JPG,160,271,208,315,now screw
images_600_bIMG_5779.JPG,231,279,273,320,now screw
images_600_bIMG_5780.JPG,311,269,351,315,now screw
images_600_bIMG_5781.JPG,392,269,440,311,now screw
images_600_bIMG_5782.JPG,444,270,491,317,now screw
images_600_bIMG_5783.JPG,513,260,557,304,now screw
images_600_bIMG_5784.JPG,516,205,562,248,now screw
images_600_bIMG_5785.JPG,445,195,491,237,now screw
images_600_bIMG_5786.JPG,357,169,410,213,now screw
images_600_bIMG_5787.JPG,256,150,310,197,now screw
images_600_bIMG_5788.JPG,209,176,255,217,now screw
images_600_bIMG_5789.JPG,106,210,150,249,now screw
images_600_bIMG_5790.JPG,60,197,109,239,now screw
images_600_bIMG_5791.JPG,488,345,525,381,screw
images_600_bIMG_5793.JPG,508,261,543,294,screw
images_600_bIMG_5794.JPG,522,213,560,246,screw
images_600_bIMG_5795.JPG,530,163,567,200,screw
images_600_bIMG_5796.JPG,504,92,546,130,screw
images_600_bIMG_5797.JPG,494,42,530,76,screw
images_600_bIMG_5798.JPG,442,46,481,80,screw
images_600_bIMG_5799.JPG,424,96,462,129,screw
images_600_bIMG_5800.JPG,428,153,462,187,screw
images_600_bIMG_5801.JPG,419,226,454,259,screw
images_600_bIMG_5802.JPG,418,274,458,307,screw
images_600_bIMG_5803.JPG,381,355,417,388,screw
images_600_bIMG_5804.JPG,413,22,444,51,now screw
images_600_bIMG_5804.JPG,545,219,573,249,now screw
images_600_bIMG_5804.JPG,57,220,93,255,now screw
images_600_bIMG_5805.JPG,48,292,79,330,now screw
images_600_bIMG_5805.JPG,414,79,444,113,now screw
images_600_bIMG_5805.JPG,555,281,582,313,now screw
images_600_bIMG_5806.JPG,403,141,438,169,now screw
images_600_bIMG_5806.JPG,554,356,582,388,now screw
images_600_bIMG_5806.JPG,9,365,40,396,now screw
images_600_bIMG_5807.JPG,397,98,435,135,now screw
images_600_bIMG_5807.JPG,47,310,87,343,now screw
images_600_bIMG_5807.JPG,542,294,573,324,screw
images_600_bIMG_5808.JPG,395,53,426,85,now screw
images_600_bIMG_5808.JPG,55,258,94,289,now screw
images_600_bIMG_5808.JPG,536,239,567,272,screw
images_600_bIMG_5809.JPG,374,29,399,57,now screw
images_600_bIMG_5809.JPG,52,213,86,243,now screw
images_600_bIMG_5809.JPG,505,200,536,228,screw
images_600_bIMG_5810.JPG,84,225,121,259,now screw
images_600_bIMG_5810.JPG,411,32,438,66,screw
images_600_bIMG_5810.JPG,534,216,571,250,screw
images_600_bIMG_5811.JPG,51,288,95,314,now screw
images_600_bIMG_5811.JPG,395,85,430,117,screw
images_600_bIMG_5811.JPG,532,278,561,312,screw
images_600_bIMG_5812.JPG,411,153,442,183,screw
images_600_bIMG_5812.JPG,555,353,587,385,screw
images_600_bIMG_5812.JPG,58,362,96,392,now screw
images_600_bIMG_5813.JPG,402,116,435,151,screw
images_600_bIMG_5813.JPG,553,317,582,355,now screw
images_600_bIMG_5813.JPG,36,339,69,371,now screw
images_600_bIMG_5814.JPG,397,54,432,90,screw
images_600_bIMG_5814.JPG,548,269,584,300,now screw
images_600_bIMG_5814.JPG,25,286,63,317,now screw
images_600_bIMG_5815.JPG,395,8,430,42,screw
images_600_bIMG_5815.JPG,547,224,583,257,now screw
images_600_bIMG_5815.JPG,13,242,52,275,now screw
images_600_bIMG_5816.JPG,8,342,40,383,screw
images_600_bIMG_5816.JPG,405,110,438,143,now screw
images_600_bIMG_5816.JPG,556,324,594,356,now screw
images_600_bIMG_5817.JPG,1,247,37,283,screw
images_600_bIMG_5817.JPG,401,15,439,52,now screw
images_600_bIMG_5817.JPG,553,237,589,272,now screw
images_600_bIMG_5818.JPG,392,63,432,98,screw
images_600_bIMG_5818.JPG,2,298,37,338,screw
images_600_bIMG_5818.JPG,555,278,593,312,now screw
images_600_bIMG_5819.JPG,391,4,431,41,screw
images_600_bIMG_5819.JPG,2,239,32,277,screw
images_600_bIMG_5819.JPG,551,224,590,262,now screw
images_600_bIMG_5820.JPG,404,137,443,176,screw
images_600_bIMG_5820.JPG,5,372,38,411,screw
images_600_bIMG_5820.JPG,556,361,595,394,now screw
images_600_bIMG_5821.JPG,398,143,435,180,screw
images_600_bIMG_5821.JPG,2,376,36,417,screw
images_600_bIMG_5821.JPG,544,362,587,403,screw
images_600_bIMG_5822.JPG,411,131,447,167,screw
images_600_bIMG_5822.JPG,557,349,596,385,screw
images_600_bIMG_5822.JPG,11,362,47,397,screw
images_600_bIMG_5823.JPG,392,51,429,86,screw
images_600_bIMG_5823.JPG,535,248,575,283,screw
images_600_bIMG_5823.JPG,27,257,66,296,screw
images_600_bIMG_5824.JPG,400,47,427,75,now screw
images_600_bIMG_5824.JPG,80,232,121,267,screw
images_600_bIMG_5824.JPG,527,217,564,251,screw
images_600_bIMG_5825.JPG,397,111,433,149,now screw
images_600_bIMG_5825.JPG,44,327,80,359,screw
images_600_bIMG_5825.JPG,548,305,584,341,screw
images_600_bIMG_5826.JPG,166,28,199,62,now screw
images_600_bIMG_5826.JPG,291,251,328,285,now screw
images_600_bIMG_5827.JPG,55,36,96,74,now screw
images_600_bIMG_5827.JPG,193,277,235,317,now screw
images_600_bIMG_5828.JPG,374,14,411,45,now screw
images_600_bIMG_5828.JPG,507,232,539,263,now screw
images_600_bIMG_5829.JPG,305,58,339,87,now screw
images_600_bIMG_5829.JPG,448,293,487,327,now screw
images_600_bIMG_5830.JPG,200,80,239,113,now screw
images_600_bIMG_5830.JPG,342,333,388,378,now screw
images_600_bIMG_5831.JPG,389,31,427,69,screw
images_600_bIMG_5831.JPG,514,253,552,288,screw
images_600_bIMG_5832.JPG,272,1,312,35,screw
images_600_bIMG_5832.JPG,403,236,445,272,screw
images_600_bIMG_5833.JPG,174,3,213,43,screw
images_600_bIMG_5833.JPG,306,248,347,282,screw
images_600_bIMG_5834.JPG,105,18,140,53,screw
images_600_bIMG_5834.JPG,234,260,276,293,screw
images_600_bIMG_5835.JPG,39,10,77,49,screw
images_600_bIMG_5835.JPG,165,249,211,294,screw
images_600_bIMG_5836.JPG,41,151,80,189,screw
images_600_bIMG_5836.JPG,172,390,211,426,screw
images_600_bIMG_5837.JPG,125,143,164,182,screw
images_600_bIMG_5837.JPG,257,380,293,416,screw
images_600_bIMG_5838.JPG,249,171,295,207,screw
images_600_bIMG_5838.JPG,383,393,423,427,screw
images_600_bIMG_5839.JPG,347,176,386,214,screw
images_600_bIMG_5839.JPG,474,393,514,426,screw
images_600_bIMG_5840.JPG,424,186,460,219,screw
images_600_bIMG_5840.JPG,42,371,73,401,now screw
images_600_bIMG_5840.JPG,551,394,588,427,screw
images_600_bIMG_5841.JPG,290,59,323,88,screw
images_600_bIMG_5841.JPG,100,160,132,190,screw
images_600_bIMG_5842.JPG,286,163,319,195,screw
images_600_bIMG_5842.JPG,79,275,112,306,screw
images_600_bIMG_5843.JPG,284,284,319,317,screw
images_600_bIMG_5843.JPG,77,402,109,434,screw
